<keymap version="1" name="Visual Studio copy" parent="Visual Studio">
  <action id="AutoIndentLines" />
  <action id="ChangesView.GroupBy.Directory" />
  <action id="CommentByLineComment">
    <keyboard-shortcut first-keystroke="ctrl slash" />
  </action>
  <action id="CompareTwoFiles" />
  <action id="Diff.ShowDiff" />
  <action id="EditorDeleteLine">
    <keyboard-shortcut first-keystroke="ctrl d" />
  </action>
  <action id="EditorDuplicate" />
  <action id="EditorDuplicateLines">
    <keyboard-shortcut first-keystroke="ctrl w" />
  </action>
  <action id="EditorSelectWord">
    <keyboard-shortcut first-keystroke="ctrl alt right" />
  </action>
  <action id="FileChooser.GotoDesktop" />
  <action id="Graph.ActualSize">
    <keyboard-shortcut first-keystroke="ctrl divide" />
  </action>
  <action id="Images.Editor.ActualSize">
    <keyboard-shortcut first-keystroke="ctrl divide" />
  </action>
  <action id="PasteMultiple">
    <keyboard-shortcut first-keystroke="shift ctrl v" />
  </action>
  <action id="ReformatCode">
    <keyboard-shortcut first-keystroke="ctrl alt p" />
  </action>
  <action id="RunDashboard.CopyConfiguration" />
  <action id="SearchEverywhere">
    <keyboard-shortcut first-keystroke="ctrl alt i" />
  </action>
  <action id="SendEOF" />
  <action id="ServiceView.GroupByServiceGroups" />
  <action id="SmartSelect">
    <keyboard-shortcut first-keystroke="ctrl alt right" />
  </action>
  <action id="TodoViewGroupByShowPackages" />
  <action id="UsageGrouping.Directory" />
  <action id="XDebugger.AttachToProcess" />
  <action id="XDebugger.CopyWatch" />
</keymap>