<keymap version="1" name="Windows copy" parent="$default">
  <action id="$Redo">
    <keyboard-shortcut first-keystroke="shift alt back_space" />
    <keyboard-shortcut first-keystroke="ctrl y" />
  </action>
  <action id="AutoIndentLines" />
  <action id="ChangesView.GroupBy.Directory" />
  <action id="CompareTwoFiles" />
  <action id="Diff.ShowDiff" />
  <action id="Editor Redo">
    <keyboard-shortcut first-keystroke="ctrl y" />
  </action>
  <action id="EditorDeleteLine">
    <keyboard-shortcut first-keystroke="ctrl d" />
  </action>
  <action id="EditorDuplicate" />
  <action id="EditorDuplicateLines">
    <keyboard-shortcut first-keystroke="ctrl w" />
  </action>
  <action id="EditorSelectWord" />
  <action id="FileChooser.GotoDesktop" />
  <action id="IntroduceParameter" />
  <action id="Replace">
    <keyboard-shortcut first-keystroke="ctrl h" />
  </action>
  <action id="RunDashboard.CopyConfiguration" />
  <action id="SearchEverywhere">
    <keyboard-shortcut first-keystroke="ctrl alt i" />
  </action>
  <action id="SendEOF" />
  <action id="ServiceView.GroupByServiceGroups" />
  <action id="ShowSettings">
    <keyboard-shortcut first-keystroke="ctrl comma" />
  </action>
  <action id="SmartSelect" />
  <action id="TodoViewGroupByShowPackages" />
  <action id="TypeHierarchy" />
  <action id="TypeHierarchyBase.BaseOnThisType" />
  <action id="UsageGrouping.Directory" />
  <action id="XDebugger.CopyWatch" />
</keymap>