<application>
  <component name="FileTypeManager" version="18">
    <extensionMap>
      <mapping pattern="LICENSE" type="AUTO_DETECTED" />
      <mapping pattern="childProcess" type="AUTO_DETECTED" />
      <mapping pattern=".env.test1" type="PLAIN_TEXT" />
      <mapping pattern="维修预计完成时间picker.md" type="PLAIN_TEXT" />
      <mapping pattern="themeCss" type="PLAIN_TEXT" />
      <mapping pattern=".env.dev" type="PLAIN_TEXT" />
      <mapping ext="bak" type="PLAIN_TEXT" />
      <mapping ext="hq" type="PLAIN_TEXT" />
      <mapping pattern="esbuild" type="Shell Script" />
      <mapping ext="mpx" type="Vue.js" />
      <removed_mapping ext="wxml" approved="true" type="HTML" />
      <removed_mapping ext="wxss" approved="true" type="CSS" />
    </extensionMap>
  </component>
</application>