<application>
  <component name="GitRememberedInputs">
    <option name="visitedUrls">
      <list>
        <UrlAndUserName>
          <option name="url" value="http://git-ma.paic.com.cn" />
          <option name="userName" value="ex-huangqing002" />
        </UrlAndUserName>
        <UrlAndUserName>
          <option name="url" value="ssh://git@code.paic.com.cn:8004/icore_pts_mobile/pahhb_h5_base.git" />
          <option name="userName" value="" />
        </UrlAndUserName>
        <UrlAndUserName>
          <option name="url" value="http://code.paic.com.cn" />
          <option name="userName" value="EX-HUANGQING002" />
        </UrlAndUserName>
        <UrlAndUserName>
          <option name="url" value="http://code.paic.com.cn/pa_goodhelper_lfe/pahhb_market_h5.git" />
          <option name="userName" value="" />
        </UrlAndUserName>
        <UrlAndUserName>
          <option name="url" value="http://github.com" />
          <option name="userName" value="Hflcc" />
        </UrlAndUserName>
        <UrlAndUserName>
          <option name="url" value="http://code.aliyun.com" />
          <option name="userName" value="huangqingAli" />
        </UrlAndUserName>
        <UrlAndUserName>
          <option name="url" value="http://codeup.aliyun.com" />
          <option name="userName" value="huangqingali_dtd" />
        </UrlAndUserName>
        <UrlAndUserName>
          <option name="url" value="http://172.18.88.211:8180" />
          <option name="userName" value="hingbelieve@163.com" />
        </UrlAndUserName>
      </list>
    </option>
    <option name="cloneParentDir" value="$USER_HOME$/desktop" />
  </component>
  <component name="Vcs.Log.App.Settings">
    <option name="SHOW_CHANGES_FROM_PARENTS" value="true" />
    <option name="COLUMN_ID_ORDER">
      <list>
        <option value="Default.Root" />
        <option value="Default.Subject" />
        <option value="Default.Author" />
        <option value="Default.Date" />
      </list>
    </option>
  </component>
  <component name="VcsEditorTab.Settings">
    <option name="openInNewWindow" value="true" />
  </component>
</application>