<application>
  <component name="FileTypeManager" version="17">
    <extensionMap>
      <mapping ext="wxml" type="HTML" />
      <mapping pattern=".env.test1" type="PLAIN_TEXT" />
      <mapping pattern=".env.dev" type="PLAIN_TEXT" />
      <mapping pattern="themeCss" type="PLAIN_TEXT" />
      <mapping pattern="维修预计完成时间picker.md" type="PLAIN_TEXT" />
      <mapping ext="bak" type="PLAIN_TEXT" />
      <mapping ext="wxss" type="SCSS" />
    </extensionMap>
  </component>
</application>