<application>
  <component name="ProjectManager">
    <defaultProject>
      <component name="FileColors">
        <fileColor scope="All" color="Green" />
      </component>
      <component name="InspectionProjectProfileManager">
        <profile version="1.0">
          <option name="myName" value="Project Default" />
          <inspection_tool class="Eslint" enabled="true" level="ERROR" enabled_by_default="true" />
        </profile>
        <version value="1.0" />
      </component>
      <component name="JsBowerSettings">
        <node-interpreter value="project" />
        <bower-package value="" />
        <bower.json value="" />
      </component>
      <component name="JsFlowSettings">
        <service-enabled>true</service-enabled>
        <exe-path />
        <other-services-enabled>true</other-services-enabled>
        <auto-save>true</auto-save>
      </component>
      <component name="ProjectDictionaryState">
        <dictionary name="ex-huangqing002" />
      </component>
      <component name="ProjectInspectionProfilesVisibleTreeState">
        <entry key="Project Default">
          <profile-state>
            <expanded-state>
              <State>
                <id />
              </State>
              <State>
                <id>ECMAScript 6 migration aidsJavaScript</id>
              </State>
              <State>
                <id>General</id>
              </State>
              <State>
                <id>JavaScript</id>
              </State>
              <State>
                <id>Meteor</id>
              </State>
              <State>
                <id>Vue</id>
              </State>
              <State>
                <id>XPath</id>
              </State>
              <State>
                <id>XSLT</id>
              </State>
            </expanded-state>
          </profile-state>
        </entry>
      </component>
      <component name="PropertiesComponent">
        <property name="HbShouldOpenHtmlAsHb" value="" />
        <property name="nodejs_interpreter_path.stuck_in_default_project" value="undefined stuck path" />
        <property name="nodejs_npm_path_reset_for_default_project" value="true" />
        <property name="settings.editor.selected.configurable" value="fileTemplates" />
      </component>
      <component name="PublishConfigData" overwriteAll="false" />
      <component name="SharedFileColors">
        <fileColor scope="Tests" color="Green" />
        <fileColor scope="Non-Project Files" color="Yellow" />
      </component>
      <component name="SvnConfiguration">
        <configuration>$USER_HOME$/.subversion</configuration>
      </component>
      <component name="VcsContentAnnotationSettings">
        <option name="myLimit" value="2678400000" />
      </component>
      <component name="masterDetails">
        <states>
          <state key="ScopeChooserConfigurable.UI">
            <settings>
              <splitter-proportions>
                <option name="proportions">
                  <list>
                    <option value="0.2" />
                  </list>
                </option>
              </splitter-proportions>
            </settings>
          </state>
        </states>
      </component>
    </defaultProject>
  </component>
</application>