<application>
  <component name="GitRememberedInputs">
    <option name="visitedUrls">
      <list>
        <UrlAndUserName>
          <option name="url" value="http://git-ma.paic.com.cn" />
          <option name="userName" value="ex-huangqing002" />
        </UrlAndUserName>
        <UrlAndUserName>
          <option name="url" value="ssh://git@code.paic.com.cn:8004/icore_pts_mobile/pahhb_h5_base.git" />
          <option name="userName" value="" />
        </UrlAndUserName>
        <UrlAndUserName>
          <option name="url" value="http://code.paic.com.cn" />
          <option name="userName" value="EX-HUANGQING002" />
        </UrlAndUserName>
        <UrlAndUserName>
          <option name="url" value="http://code.paic.com.cn/pa_goodhelper_lfe/pahhb_market_h5.git" />
          <option name="userName" value="" />
        </UrlAndUserName>
        <UrlAndUserName>
          <option name="url" value="http://github.com" />
          <option name="userName" value="Hflcc" />
        </UrlAndUserName>
      </list>
    </option>
    <option name="cloneParentDir" value="$USER_HOME$/desktop" />
  </component>
  <component name="Vcs.Log.App.Settings">
    <option name="SHOW_CHANGES_FROM_PARENTS" value="true" />
    <option name="COLUMN_ORDER">
      <list>
        <option value="0" />
        <option value="1" />
        <option value="2" />
        <option value="3" />
      </list>
    </option>
  </component>
</application>